<assembly>
    <id>distribution</id>
    <formats>
        <format>jar</format>
    </formats>
    <includeBaseDirectory>false</includeBaseDirectory>
    <dependencySets>
        <dependencySet>
            <outputDirectory>lib</outputDirectory>
            <includes>
                <include>*:jar</include>
            </includes>            
        </dependencySet>
    </dependencySets>
    <fileSets>
        <fileSet>
            <directory>target/classes</directory>
            <outputDirectory></outputDirectory>
        </fileSet>
    </fileSets>
</assembly>