<Properties ModelVersion="1.1.2">
  <General Title="" Version="1.0.0" Vendor="BlackBerry Developer" Description=""/>
  <Application Type="BlackBerry Application" MainMIDletName="" MainArgs="" HomeScreenPosition="0" StartupTier="7" IsSystemModule="false" IsAutostartup="true"/>
  <Resources hasTitleResource="false" TitleResourceBundleName="" TitleResourceBundleRelativePath="" TitleResourceBundleClassName="" TitleResourceBundleKey="" DescriptionId="">
    <Icons>
      <Icon CanonicalFileName="res/icon.png" IsFocus="false"/>
    </Icons>
  </Resources>
  <Compile OutputCompilerMessages="false" ConvertImages="false" CreateWarningForNoExportedRoutine="true" CompressResources="false" AliasList="">
    <PreprocessorDefines/>
  </Compile>
  <Packaging OutputFileName="DineroMailDemo" OutputFolder="deliverables" PreBuildStep="" PostBuildStep="" CleanStep="" GenerateALXFile="true">
    <AlxFiles/>
  </Packaging>
  <HiddenProperties>
    <ClassProtection/>
    <PackageProtection/>
  </HiddenProperties>
  <AlternateEntryPoints/>
</Properties>